[
  {
    "name": "Accio",
    "type": "charm",
    "effect": "Summons an object"
  },
  {
    "name": "Aguamenti",
    "type": "charm",
    "effect": "Shoots water from wand"
  },
  {
    "name": "Alohomora",
    "type": "charm",
    "effect": "Opens locked objects"
  },
  {
    "name": "Anapneo",
    "type": "spell",
    "effect": "Clears the target's airway"
  },
  {
    "name": "Aparecium",
    "type": "spell",
    "effect": "Reveals invisible ink"
  },
  {
    "name": "Avada Kedavra",
    "type": "curse",
    "effect": "Murders opponent"
  },
  {
    "name": "Avifors",
    "type": "charm",
    "effect": "Turns small objects into birds"
  },
  {
    "name": "Avis",
    "type": "spell",
    "effect": "Launches birds from your wand"
  },
  {
    "name": "Cave Inimicum",
    "type": "spell",
    "effect": "Strengthens an enclosure from enemies"
  },
  {
    "name": "Colloportus",
    "type": "spell",
    "effect": "Magically locks door"
  },
  {
    "name": "Confringo",
    "type": "curse",
    "effect": "Explodes flames on target"
  },
  {
    "name": "Confundus",
    "type": "charm",
    "effect": "Confuses opponent"
  },
  {
    "name": "Conjunctivitis",
    "type": "curse",
    "effect": "Damages opponents eyesight"
  },
  {
    "name": "Crucio",
    "type": "curse",
    "effect": "tortures a person"
  },
  {
    "name": "Defodio",
    "type": "spell",
    "effect": "Digs out materials"
  },
  {
    "name": "Deletrius",
    "type": "spell",
    "effect": "Counters `Prior Incatato`"
  },
  {
    "name": "Densaugeo",
    "type": "spell",
    "effect": "Enlarges Teeth"
  },
  {
    "name": "Deprimo",
    "type": "spell",
    "effect": "Blasts holes through walls and floors"
  },
  {
    "name": "Diffindo",
    "type": "spell",
    "effect": "Splits seams"
  },
  {
    "name": "Dissendium",
    "type": "spell",
    "effect": "Opens `One eyed witch` hump"
  },
  {
    "name": "Duro",
    "type": "spell",
    "effect": "Makes objects hard"
  },
  {
    "name": "Engorgio",
    "type": "charm",
    "effect": "Enlarges and item"
  },
  {
    "name": "Ennervate",
    "type": "curse",
    "effect": "Counters stupefy"
  },
  {
    "name": "Episkey",
    "type": "curse",
    "effect": "Heals minor injuries"
  },
  {
    "name": "Erecto",
    "type": "spell",
    "effect": "Erects things"
  },
  {
    "name": "Expecto Patronum",
    "type": "charm",
    "effect": "Creates a Patronus"
  },
  {
    "name": "Expelliarmus",
    "type": "charm",
    "effect": "Disarms your opponent"
  },
  {
    "name": "Expulso",
    "type": "spell",
    "effect": "Makes objects explode"
  },
  {
    "name": "Ferula",
    "type": "spell",
    "effect": "Creates bandages"
  },

  {
    "name": "Fidelius",
    "type": "charm",
    "effect": "Hides a secret within someone"
  },
  {
    "name": "Finite Incantatum",
    "type": "spell",
    "effect": "Stops any current spells"
  },
  {
    "name": "Flagrate",
    "type": "spell",
    "effect": "Allows user to write on objects"
  },
  {
    "name": "Flipendo",
    "type": "jinx",
    "effect": "Knocks an object backwards"
  },
  {
    "name": "Furnunculus",
    "type": "curse",
    "effect": "Produces boils on opponent"
  },
  {
    "name": "Geminio",
    "type": "spell",
    "effect": "Duplicates an Object"
  },
  {
    "name": "Glisseo",
    "type": "spell",
    "effect": "Turns stairs into ramps"
  },
  {
    "name": "Homenum Revelio",
    "type": "spell",
    "effect": "Reveals humans nearby"
  },
  {
    "name": "Homorphus",
    "type": "charm",
    "effect": "Cures werewolves (at least according to Lockhart)"
  },
  {
    "name": "Immobulus",
    "type": "charm",
    "effect": "Renders target immobile."
  },
  {
    "name": "Impedimenta",
    "type": "charm",
    "effect": "Slows an advancing object"
  },
  {
    "name": "Imperio",
    "type": "curse",
    "effect": "Controls a person – unforgivable"
  },
  {
    "name": "Impervius",
    "type": "charm",
    "effect": "Makes an object repel water"
  },
  {
    "name": "Incarcerous",
    "type": "spell",
    "effect": "Ties someone up"
  },
  {
    "name": "Incendio",
    "type": "spell",
    "effect": "Starts a fire"
  },
  {
    "name": "Langlock",
    "type": "spell",
    "effect": "Glues opponent's tongue to roof of mouth"
  },
  {
    "name": "Legilimens",
    "type": "spell",
    "effect": "Allows the caster to delve into the mind of the victim"
  },
  {
    "name": "Levicorpus",
    "type": "spell",
    "effect": "Hangs victim upside down by feet"
  },
  {
    "name": "Liberacorpus",
    "type": "spell",
    "effect": "Counterspells"
  },
  {
    "name": "Locomotor Mortis",
    "type": "curse",
    "effect": "Locks opponents legs"
  },
  {
    "name": "Lumos",
    "type": "spell",
    "effect": "Creates light at wand tip"
  },
  {
    "name": "Meteolojinx Recanto",
    "type": "spell",
    "effect": "Causes weather effect spells to stop"
  },
  {
    "name": "Mobiliarbus",
    "type": "charm",
    "effect": "Moves objects with wand"
  },
  {
    "name": "Mobilicorpus",
    "type": "spell",
    "effect": "Moves unconscious bodies"
  },
  {
    "name": "Morsmorde",
    "type": "spell",
    "effect": "Conjures the Dark Mark"
  },
  {
    "name": "Muffliato",
    "type": "spell",
    "effect": "Prevents nearby people from listening to conversations"
  },
  {
    "name": "Nox",
    "type": "spell",
    "effect": "Counters Lumos"
  },
  {
    "name": "Obliviate",
    "type": "charm",
    "effect": "Erases memories"
  },
  {
    "name": "Obscuro",
    "type": "spell",
    "effect": "Blindfolds the victim"
  },
  {
    "name": "Oppugno",
    "type": "spell",
    "effect": "Makes conjured items attack"
  },
  {
    "name": "Orchideous",
    "type": "spell",
    "effect": "Conjures a bunch of flowers"
  },
  {
    "name": "Pack",
    "type": "spell",
    "effect": "Packs a trunk (suitcase)"
  },
  {
    "name": "Peskipiksi Pesternomi",
    "type": "spell",
    "effect": "Removes Pixies (maybe)"
  },
  {
    "name": "Petrificus Totalus",
    "type": "spell",
    "effect": "Binds body – unforgivable"
  },
  {
    "name": "Piertotum Locomotor",
    "type": "spell",
    "effect": "Animates statues and armor suits"
  },
  {
    "name": "Point Me",
    "type": "charm",
    "effect": "Makes wand act like a compass"
  },
  {
    "name": "Priori Incantatum",
    "type": "spell",
    "effect": "Echoes most recent spells, result when brother wands duel"
  },
  {
    "name": "Prior Incantato",
    "type": "spell",
    "effect": "Reveals a wands last spell / cast"
  },
  {
    "name": "Protego",
    "type": "charm",
    "effect": "Causes spells to reflect back to the sender. "
  },
  {
    "name": "Protego Horribilis",
    "type": "spell",
    "effect": "Protects one from Dark Magic"
  },
  {
    "name": "Protego Totalum",
    "type": "spell",
    "effect": "Protects area"
  },
  {
    "name": "Quietus",
    "type": "spell",
    "effect": "Counters Sonorus"
  },
  {
    "name": "Reducio",
    "type": "spell",
    "effect": "Returns items to original size. Counters Engorgio"
  },
  {
    "name": "Reducto",
    "type": "spell",
    "effect": "Blasts solid objects aside"
  },
  {
    "name": "Relashio",
    "type": "spell",
    "effect": "Releases user from binding"
  },
  {
    "name": "Rennervate",
    "type": "spell",
    "effect": "Cures unconsciousness"
  },
  {
    "name": "Reparo",
    "type": "spell",
    "effect": "Repairs Things"
  },
  {
    "name": "Repello Muggletum",
    "type": "spell",
    "effect": "Keeps Muggles away"
  },
  {
    "name": "Rictusempra",
    "type": "charm",
    "effect": "Tickles opponent"
  },
  {
    "name": "Riddikulus",
    "type": "spell",
    "effect": "Turns boggart into ridiculous form so you can laugh it away"
  },
  {
    "name": "Salvio Hexia",
    "type": "spell",
    "effect": "Protects against hexes"
  },
  {
    "name": "Scruge",
    "type": "charm",
    "effect": "Destroys ectoplasm (remains of ghosts)"
  },
  {
    "name": "Sectumsempra",
    "type": "spell",
    "effect": "Causes wounds as if slashed by a sword"
  },
  {
    "name": "Serpensortia",
    "type": "spell",
    "effect": "Produces Snake"
  },
  {
    "name": "Silencio",
    "type": "spell",
    "effect": "Silences victim"
  },
  {
    "name": "Sonorus",
    "type": "spell",
    "effect": "Amplifies voice"
  },
  {
    "name": "Specialis Revelio",
    "type": "spell",
    "effect": "Reveals Hidden secrets or magical properties"
  },
  {
    "name": "Stupefy",
    "type": "spell",
    "effect": "Knocks out opponent"
  },
  {
    "name": "Tarantallegra",
    "type": "spell",
    "effect": "Forces opponent to dance"
  },
  {
    "name": "Tergeo",
    "type": "spell",
    "effect": "Cleans up messes"
  },
  {
    "name": "Waddiwasi",
    "type": "spell",
    "effect": "Unsticks an object"
  },
  {
    "name": "Wingardium Leviosa",
    "type": "charm",
    "effect": "Makes on object fly"
  }
]
